"V1","nationalGridBmUnit","elexonBmUnit","eic","fuelType","leadPartyName","bmUnitType","fpnFlag","bmUnitName","leadPartyId","demandCapacity","generationCapacity","productionOrConsumptionFlag","transmissionLossFactor","workingDayCreditAssessmentImportCapability","nonWorkingDayCreditAssessmentImportCapability","workingDayCreditAssessmentExportCapability","nonWorkingDayCreditAssessmentExportCapability","creditQualifyingStatus","demandInProductionFlag","gspGroupId","gspGroupName","interconnectorId","capacity_alt","diff_cap","capacity"
1,"ABRBO-1","T_ABRBO-1","48W00000ABRBO-19","WIND","Aberdeen Offshore Wind Farm","T",TRUE,"ABRBO-1","ABERDEEN",-2,99,"P",-0.030134,-0.8,-0.8,39.6,39.6,TRUE,FALSE,NA,NA,NA,95,4,99
2,"ABRTW-1","E_ABRTW-1","48W00000ABRTW-1Z","WIND","Npower Commercial Gas Limited","E",TRUE,"Auchrobert Wind Farm","NPOWER02",-10,36,"C",-0.0088069,-4,-4,14.4,14.4,TRUE,FALSE,"_N","South Scotland",NA,36,0,36
3,"ACHLW-1","C__PSMAR001",NA,"WIND","Smartestenergy Limited","S",TRUE,"C__PSMAR001-AAA-ACH-183","SMARTEST",0,11.282,"C",-0.030134,0,0,3.602,3.602,FALSE,FALSE,"_P","North Scotland",NA,10.25,1.032,11.282
4,"ACHRW-1","T_ACHRW-1","48W00000ACHRW-1O","WIND","Mobius Renewables Gen. (GB2","T",TRUE,"AChruach Wind Farm","AIRGEN2",-2,42.6,"P",-0.030134,-0.8,-0.8,17.04,17.04,TRUE,FALSE,NA,NA,NA,42,0.600000000000001,42.6
5,"AFTOW-1","T_AFTOW-1",NA,"WIND","Afton Wind Farm Limited","T",TRUE,"Afton Wind Farm","AFTON",-2,50,"P",-0.0088069,-0.8,-0.8,20,20,TRUE,FALSE,NA,NA,NA,47,3,50
6,"AG-PSMA01","2__PSMAR001",NA,"WIND","Smartestenergy Limited","S",TRUE,"2__PSMAR001","SMARTEST",-50,50,"C",-0.0242162,-19.935,-19.31,19.935,19.31,FALSE,FALSE,"_P","NORTH of SCOTLAND GSP",NA,NA,NA,50
7,"AIRSW-1","E_AIRSW-1",NA,"WIND","ENGIE Power Limited","E",TRUE,"Airies","RWETDL",0,38,"C",-0.0088069,0,0,15.2,15.2,TRUE,FALSE,"_N","South Scotland",NA,35,3,38
8,"AKGLW-2","T_AKGLW-2","48W00000AKGLW-22","WIND","Aikengall 2 CWCL","T",TRUE,"AIKENGALL II","AIK2CWCL",-1,63.84,"P",-0.0088069,-0.4,-0.4,25.536,25.536,TRUE,FALSE,NA,NA,NA,62,1.84,63.84
9,"AKGLW-3","T_AKGLW-3",NA,"WIND","AIK2A Sustainable Energy Ltd","T",TRUE,"AIKENGALL2A-W","AIK3CWCL",-1,163.4,"P",-0.0088069,-0.4,-0.4,65.36,65.36,TRUE,FALSE,NA,NA,NA,81,82.4,81
10,"ANSUW-1","T_ANSUW-1","48W00000ANSUW-1E","WIND","Statkraft Markets Gmbh","T",TRUE,"An Suidhe 1","STATKRA1",-20,19.36,"P",-0.030134,-8,-8,7.744,7.744,TRUE,FALSE,NA,NA,NA,18,1.36,19.36
11,"ARCHW-1","T_ARCHW-1","48W10000ARCHW-1N","WIND","SP Renewables (UK) Limited","T",TRUE,"Arecleoch","SPCRE01",-3,114,"P",-0.0088069,-1.2,-1.2,45.6,45.6,TRUE,FALSE,NA,NA,NA,100,14,100
12,"ASHWW-1","E_ASHWW-1","48W00000ASHWW-1Z","WIND","Statkraft Markets Gmbh","E",TRUE,"Andershaw Wind Farm","STATKRA1",-1,35,"P",-0.0088069,-0.4,-0.4,14,14,TRUE,FALSE,"_N","South Scotland",NA,36,1,35
13,"ASLVW-1","E_ASLVW-1",NA,"WIND","Npower Commercial Gas Limited","E",TRUE,"Assel Valley Wind Farm","NPOWER02",-6,26,"C",-0.0088069,-2.4,-2.4,10.4,10.4,TRUE,FALSE,"_N","South Scotland",NA,25,1,26
14,"BABAW-1","E_BABAW-1","48W00000BABAW-13","WIND","Statkraft Markets Gmbh","E",TRUE,"Baillie Wind Farm","STATKRA1",-1,52.5,"P",-0.030134,-0.4,-0.4,21,21,TRUE,FALSE,"_P","North Scotland",NA,52,0.5,52.5
15,"BDCHW-1","T_BDCHW-1",NA,"WIND","RWE Generation UK plc","T",TRUE,"Bad a Cheo Wind Farm","INNOGY01",-1,27,"P",-0.030134,-0.4,-0.4,10.8,10.8,TRUE,FALSE,NA,NA,NA,27,0,27
16,"BEATO-1","T_BEATO-1","48W00000BEATO-1T","WIND","Beatrice Offshore Windfarm Ltd","T",TRUE,"Beatrice Offshore WF 1","BOWL001",-4,184,"P",-0.030134,-1.6,-1.6,73.6,73.6,TRUE,FALSE,NA,NA,NA,122,62,122
17,"BEATO-2","T_BEATO-2","48W00000BEATO-2R","WIND","Beatrice Offshore Windfarm Ltd","T",TRUE,"Beatrice Offshore WF 2","BOWL001",-3.8,166,"P",-0.030134,-1.52,-1.52,66.4,66.4,TRUE,FALSE,NA,NA,NA,126,40,126
18,"BEATO-3","T_BEATO-3","48W00000BEATO-3P","WIND","Beatrice Offshore Windfarm Ltd","T",TRUE,"Beatrice Offshore WF 3","BOWL001",-3.458,166,"P",-0.030134,-1.383,-1.383,66.4,66.4,TRUE,FALSE,NA,NA,NA,168,2,166
19,"BEATO-4","T_BEATO-4","48W00000BEATO-4N","WIND","Beatrice Offshore Windfarm Ltd","T",TRUE,"Beatrice Offshore WF 4","BOWL001",-4.8,165.344,"P",-0.030134,-1.92,-1.92,66.138,66.138,TRUE,FALSE,NA,NA,NA,168,2.65600000000001,165.344
20,"BEINW-1","T_BEINW-1","48W00000BEINW-1G","WIND","Beinneun Wind Farm Ltd","T",TRUE,"Beinneun Wind farm","BWF2016",-0.8,108.8,"P",-0.030134,-0.32,-0.32,43.52,43.52,TRUE,FALSE,NA,NA,NA,108.8,0,108.8
21,"BENBW-1","T_BENBW-1",NA,"WIND","Benbrack Wind Farm Limited","T",TRUE,"Benbrack WF","BENBW1",-1,67,"P",-0.0088069,-0.4,-0.4,26.8,26.8,TRUE,FALSE,NA,NA,NA,NA,NA,67
22,"BETHW-1","E_BETHW-1","48W00000BETHW-1H","WIND","SP Renewables (UK) Limited","E",TRUE,"BETHW-1","SPCRE01",-5.7,29.75,"P",-0.030134,-2.28,-2.28,11.9,11.9,TRUE,FALSE,"_P","North Scotland",NA,30,0.25,29.75
23,"BHLAW-1","T_BHLAW-1","48W00000BHLAW-15","WIND","SSE Generation Ltd","T",TRUE,"Bhlaraidh Windfarm 1","SSEGEN",-2,108,"P",-0.030134,-0.8,-0.8,43.2,43.2,TRUE,FALSE,NA,NA,NA,108,0,108
24,"BLARW-1","E_BLARW-1",NA,"WIND","Erova Energy Limited","E",TRUE,"E_BLARW-1","EROVAIRL",0,35,"C",-0.030134,0,0,14,14,TRUE,FALSE,"_P","North Scotland",NA,35,0,35
25,"BLKWW-1","T_BLKWW-1","48W00000BLKWW-1L","WIND","Blackcraig Wind Farm Limited","T",TRUE,"Blackcraig Windfarm","BLK2017",-0.8,54.688,"P",-0.0088069,-0.32,-0.32,21.875,21.875,TRUE,FALSE,NA,NA,NA,54,0.688000000000002,54.688
26,"BLLA-1","T_BLLA-1","48W000000BLLA-1K","WIND","SP Renewables (UK) Limited","T",TRUE,"T_BLLA-1","SPCRE01",-3,118,"P",-0.0088069,-1.2,-1.2,47.2,47.2,TRUE,FALSE,NA,NA,NA,124,6,118
27,"BLLA-2","T_BLLA-2","48W000000BLLA-2I","WIND","SP Renewables (UK) Limited","T",TRUE,"Black Law Windfarm Extension","SPCRE01",-2.5,69,"P",-0.0088069,-1,-1,27.6,27.6,TRUE,FALSE,NA,NA,NA,55,14,55
28,"BNWKW-1","E_BNWKW-1","48W00000BNWKW-1W","WIND","Eneco Energy Trade","E",TRUE,"Burn of Whilk Windfarm","ENECOUK",-0.1,22.5,"P",-0.030134,-0.04,-0.04,9,9,TRUE,FALSE,"_P","North Scotland",NA,23,0.5,22.5
29,"BOWLW-1","T_BOWLW-1","48W00000BOWLW-1K","WIND","Barrow Offshore Wind Limited","T",TRUE,"Barrow Offshore Wind","DONG009",-2,90,"P",-0.0048159,-0.8,-0.8,36,36,TRUE,FALSE,NA,NA,NA,90,0,90
30,"BRBEO-1","T_BRBEO-1","48W00000BRBEO-17","WIND","Burbo Extension Limited","T",TRUE,"BURBO_EXTENSION","DONG010",-5,257.7,"P",0.0013166,-2,-2,103.08,103.08,TRUE,FALSE,NA,NA,NA,254,3.69999999999999,257.7
31,"BRDUW-1","E_BRDUW-1","48W00000BRDUW-1V","WIND","Erova Energy Limited","E",TRUE,"Braes of Doune","EROVAIRL",-1,74,"C",-0.030134,-0.4,-0.4,29.6,29.6,TRUE,FALSE,"_P","North Scotland",NA,72,2,74
32,"BROCW-1","T_BROCW-1",NA,"WIND","Smartestenergy Limited","T",TRUE,"Broken Cross WF","SMARTEST",-1,48,"C",-0.0088069,-0.4,-0.4,19.2,19.2,TRUE,FALSE,NA,NA,NA,40,8,40
33,"BRYBW-1","E_BRYBW-1","48W00000BRYBW-10","WIND","Statkraft Markets Gmbh","E",TRUE,"Berry Burn Wind Farm","STATKRA1",0,62.708,"P",-0.030134,0,0,25.083,25.083,TRUE,FALSE,"_P","North Scotland",NA,88,25.292,88
34,"BTUIW-2","E_BTUIW-2","48W00000BTUIW-2A","WIND","SP Renewables (UK) Limited","E",TRUE,"Beinn An Tuirc 2","SPCRE01",-2.33,43.7,"P",-0.030134,-0.932,-0.932,17.48,17.48,TRUE,FALSE,"_P","North Scotland",NA,43.7,0,43.7
35,"BTUIW-3","E_BTUIW-3",NA,"WIND","SP Renewables (UK) Limited","E",TRUE,"Beinn an Tuirc III Windfarm","SPCRE01",-1,52,"P",-0.030134,-0.4,-0.4,20.8,20.8,TRUE,FALSE,"_P","North Scotland",NA,50,2,52
36,"BURBW-1","E_BURBO","48W00000BURBW-1L","WIND","Orsted Burbo (UK) Limited","E",TRUE,"Burbo Offshore Wind","DONG001",-2,90,"P",0.0013166,-0.8,-0.8,36,36,TRUE,FALSE,"_D","Merseyside North Wales",NA,88,2,90
37,"CAIRW-2","2__PSTAT001","48W00000CAIRW-2E","WIND","Statkraft Markets Gmbh","S",TRUE,"STAT P2 North Scotland","STATKRA1",0,44.942,"C",-0.030134,0,0,8.539,8.539,TRUE,FALSE,"_P","North Scotland",NA,44,0.942,44.942
38,"CAUSW-1","2__PSMAE001","48W00000CAUSW-1D","WIND","Smartestenergy Limited","S",TRUE,"2__PSMAE001","SMARTEST",0,0,"C",-0.030134,0,0,0,0,FALSE,FALSE,"_P","North Scotland",NA,48.3,48.3,48.3
39,"CGTHW-1","T_CGTHW-1","48W00000CGTHW-1W","WIND","Corriegarth Wind Energy LTD","T",TRUE,"Corriegarth WF","CRGTHW",-0.432,69,"P",-0.030134,-0.173,-0.173,27.6,27.6,TRUE,FALSE,NA,NA,NA,69,0,69
40,"CLDCW-1","T_CLDCW-1","48W00000CLDCW-17","WIND","Clyde Windfarm (Scotland) Ltd","T",TRUE,"Clyde Central","CWSL",-5,200,"P",-0.0088069,-2,-2,80,80,TRUE,FALSE,NA,NA,NA,196,4,200
41,"CLDNW-1","T_CLDNW-1","48W00000CLDNW-1Q","WIND","Clyde Windfarm (Scotland) Ltd","T",TRUE,"Clyde North","CWSL",-5,200,"P",-0.0088069,-2,-2,80,80,TRUE,FALSE,NA,NA,NA,198,2,200
42,"CLDRW-1","E_CLDRW-1","48W00000CLDRW-16","WIND","Vattenfall Energy Trading","E",TRUE,"CLDRW-1","VTS",0,38,"C",-0.030134,0,0,15.2,15.2,TRUE,FALSE,"_P","North Scotland",NA,37,1,38
43,"CLDSW-1","T_CLDSW-1","48W00000CLDSW-11","WIND","Clyde Windfarm (Scotland) Ltd","T",TRUE,"Clyde South","CWSL",-5,150,"P",-0.0088069,-2,-2,60,60,TRUE,FALSE,NA,NA,NA,126,24,126
44,"CLFLW-1","E_CLFLW-1","48W00000CLFLW-1O","WIND","SP Renewables (UK) Limited","E",TRUE,"Clachan Flats","SPCRE01",-2,15,"P",-0.030134,-0.8,-0.8,6,6,TRUE,FALSE,"_P","North Scotland",NA,8,7,8
45,"CMSTW-1","2__PEDGE003",NA,"WIND","Edgware Energy Limited","S",TRUE,"2__PEDGE003","EDGWARE",0,50,"C",-0.030134,0,0,16.535,16.535,FALSE,FALSE,"_P","North Scotland",NA,50,0,50
46,"CNCLW-1","E_CNCLW-1",NA,"WIND","Statkraft Markets Gmbh","E",TRUE,"Coire Na Cloiche WF","STATKRA1",0,30.52,"P",-0.030134,0,0,12.208,12.208,TRUE,FALSE,"_P","North Scotland",NA,30,0.52,30.52
47,"COUWW-1","T_COUWW-1","48W00000COUWW-16","WIND","Cour Wind farm (Scotland) Ltd","T",TRUE,"Cour Wind Farm","CWF2016",-1,20.5,"P",-0.030134,-0.4,-0.4,8.2,8.2,TRUE,FALSE,NA,NA,NA,20.5,0,20.5
48,"CRDEW-1","T_CRDEW-1",NA,"WIND","EDF Energy Customers Limited","T",TRUE,"Crossdykes WF-1","LENCO",0,24,"C",-0.0088069,0,0,9.6,9.6,TRUE,FALSE,NA,NA,NA,23,1,24
49,"CRDEW-2","T_CRDEW-2",NA,"WIND","EDF Energy Customers Limited","T",TRUE,"Crossdykes WF-2","LENCO",-2,24,"C",-0.0088069,-0.8,-0.8,9.6,9.6,TRUE,FALSE,NA,NA,NA,23,1,24
50,"CREAW-1","T_CREAW-1",NA,"WIND","Creag Riabhach Wind Farm Ltd","T",TRUE,"Creag Riabhach Wind Farm","CREAGWF1",-20.137,93,"P",-0.030134,-8.055,-8.055,37.2,37.2,TRUE,FALSE,NA,NA,NA,92.4,0.599999999999994,93
51,"CRGHD-1","T_CRGHD-1",NA,NA,"Statkraft Markets Gmbh","T",FALSE,"Carraig Gheal Wind Farm","STATKRA1",-0.2,0,"P",-0.030134,-0.123,-0.123,0,0,FALSE,TRUE,NA,NA,NA,NA,NA,0
52,"CRGHW-1","T_CRGHW-1","48W00000CRGHW-1X","WIND","Statkraft Markets Gmbh","T",TRUE,"Carraig Gheal Wind Farm","STATKRA1",-0.2,46,"P",-0.030134,-0.08,-0.08,18.4,18.4,TRUE,FALSE,NA,NA,NA,46,0,46
53,"CRGTW-1","E_CRGTW-1",NA,"WIND","British Gas Trading Ltd","E",TRUE,"Craig 2 Wind Farm","BRITGAS",-0.2,4.7,"P",-0.0088069,-0.08,-0.08,1.88,1.88,TRUE,FALSE,"_N","South Scotland",NA,4,0.7,4
54,"CRMLW-1","T_CRMLW-1","48W00000CRMLW-1E","WIND","EDF Energy Customers Limited","T",TRUE,"Corriemoillie","LENCO",0,47.512,"C",-0.030134,0,0,19.005,19.005,TRUE,FALSE,NA,NA,NA,47.5,0.0120000000000005,47.512
55,"CRYRW-2","T_CRYRW-2","48W00000CRYRW-2L","WIND","Eneco Energy Trade","T",TRUE,"Crystal Rig II Windfarm","ENECOUK",-13.48,149.38,"P",-0.0088069,-5.392,-5.392,59.752,59.752,TRUE,FALSE,NA,NA,NA,149,0.379999999999995,149.38
56,"CRYRW-3","T_CRYRW-3",NA,"WIND","Eneco Energy Trade","T",TRUE,"Crystal Rig III","ENECOUK",-0.1,13.8,"P",-0.0088069,-0.04,-0.04,5.52,5.52,TRUE,FALSE,NA,NA,NA,13.8,0,13.8
57,"CRYRW-4","T_CRYRW-4",NA,NA,"Crystal Rig IV Limited","T",TRUE,"Crystal Rig IV Wind Farm","CRIVL",-0.5,48.2,"P",-0.0088069,-0.2,-0.2,19.28,19.28,TRUE,FALSE,NA,NA,NA,NA,NA,48.2
58,"CUMHW-1","T_CUMHW-1",NA,"WIND","EDF Energy Customers Limited","T",TRUE,"Cumberhead wind energy limited","LENCO",-2,52,"C",-0.0088069,-0.8,-0.8,20.8,20.8,TRUE,FALSE,NA,NA,NA,50,2,52
59,"DALQW-1","T_DALQW-1",NA,"WIND","Statkraft Markets Gmbh","T",TRUE,"Dalquhandy  Wind Farm","STATKRA1",-0.5,42.846,"P",-0.0088069,-0.2,-0.2,17.138,17.138,TRUE,FALSE,NA,NA,NA,42,0.845999999999997,42.846
60,"DALSW-1","E_DALSW-1","48W00000DALSW-1M","WIND","Mobius Renewables Gen. (GB)","E",TRUE,"Dalswinton Windfarm","AIRGEN",-0.14,30,"C",-0.0088069,-0.056,-0.056,12,12,TRUE,FALSE,"_N","South Scotland",NA,31,1,30
61,"DBAWO-1","T_DBAWO-1","48W00000DBAWO-1J","WIND","Doggerbank OWF Project 1","T",TRUE,"Dogger Bank A Offshore WF 1","DBNKOWF1",-1.32,302.4,"P",-0.0051169,-0.528,-0.528,120.96,120.96,TRUE,FALSE,NA,NA,NA,112,190.4,112
62,"DBAWO-2","T_DBAWO-2","48W00000DBAWO-2H","WIND","Doggerbank OWF Project 1","T",TRUE,"Dogger Bank A Offshore WF 2","DBNKOWF1",-1.35,304,"P",-0.0051169,-0.54,-0.54,121.6,121.6,TRUE,FALSE,NA,NA,NA,132,172,132
63,"DBAWO-3","T_DBAWO-3","48W00000DBAWO-3F","WIND","Doggerbank OWF Project 1","T",TRUE,"Dogger Bank A Offshore WF 3","DBNKOWF1",-1.79,302.8,"P",-0.0051169,-0.716,-0.716,121.12,121.12,TRUE,FALSE,NA,NA,NA,222,80.8,222
64,"DBAWO-4","T_DBAWO-4","48W00000DBAWO-4D","WIND","Doggerbank OWF Project 1","T",TRUE,"Dogger Bank A Offshore WF 4","DBNKOWF1",-1,152.6,"P",-0.0051169,-0.4,-0.4,61.04,61.04,TRUE,FALSE,NA,NA,NA,0,152.6,152.6
65,"DBAWO-5","T_DBAWO-5","48W00000DBAWO-5B","WIND","Doggerbank OWF Project 1","T",TRUE,"Dogger Bank A Offshore WF 5","DBNKOWF1",-1,138.2,"P",-0.0051169,-0.4,-0.4,55.28,55.28,TRUE,FALSE,NA,NA,NA,50,88.2,50
66,"DDGNO-1","T_DDGNO-1","48W00000DDGNO-1E","WIND","Dudgeon Offshore Wind Ltd","T",TRUE,"Dudgeon Generator BMU 1","DUDGEON",-1.818,108,"P",0.0042196,-0.727,-0.727,43.2,43.2,TRUE,FALSE,NA,NA,NA,106,2,108
67,"DDGNO-2","T_DDGNO-2","48W00000DDGNO-2C","WIND","Dudgeon Offshore Wind Ltd","T",TRUE,"Dudgeon Generator BMU 2","DUDGEON",-1.32,90,"P",0.0042196,-0.528,-0.528,36,36,TRUE,FALSE,NA,NA,NA,88,2,90
68,"DDGNO-3","T_DDGNO-3","48W00000DDGNO-3A","WIND","Dudgeon Offshore Wind Ltd","T",TRUE,"Dudgeon Generator BMU 3","DUDGEON",-1.816,102,"P",0.0042196,-0.726,-0.726,40.8,40.8,TRUE,FALSE,NA,NA,NA,107,5,102
69,"DDGNO-4","T_DDGNO-4","48W00000DDGNO-48","WIND","Dudgeon Offshore Wind Ltd","T",TRUE,"Dudgeon Generator BMU 4","DUDGEON",-1.4,102,"P",0.0042196,-0.56,-0.56,40.8,40.8,TRUE,FALSE,NA,NA,NA,102,0,102
70,"DNLWW-1","T_DNLWW-1",NA,"WIND","SP Renewables (UK) Limited","T",TRUE,"Dunlaw Extension","SPCRE01",-2,29.75,"P",-0.0088069,-0.8,-0.8,11.9,11.9,TRUE,FALSE,NA,NA,NA,30,0.25,29.75
71,"DOREW-1","T_DOREW-1",NA,"WIND","Dorenell Windfarm Limited","T",TRUE,"Dorenell Wind Farm One","DORWIND",-3.3,156.92,"P",-0.030134,-1.32,-1.32,62.768,62.768,TRUE,FALSE,NA,NA,NA,94,62.92,94
72,"DOREW-2","T_DOREW-2",NA,"WIND","Dorenell Windfarm Limited","T",TRUE,"Dorenell Wind Farm Two","DORWIND",-3.3,156.92,"P",-0.030134,-1.32,-1.32,62.768,62.768,TRUE,FALSE,NA,NA,NA,80,76.92,80
73,"DOUGW-1","T_DOUGW-1",NA,"WIND","Erova Energy Limited","T",TRUE,"T-DOUGW-1","EROVAIRL",-0.532,45,"P",-0.0088069,-0.213,-0.213,18,18,TRUE,FALSE,NA,NA,NA,45,0,45
74,"DRSLW-1","T_DRSLW-1","48W00000DRSLW-17","WIND","SP Renewables (UK) Limited","T",TRUE,"Dersalloch Windfarm","SPCRE01",-2.5,70.9,"P",-0.0088069,-1,-1,28.36,28.36,TRUE,FALSE,NA,NA,NA,69,1.90000000000001,70.9
75,"DUNGW-1","T_DUNGW-1","48W00000DUNGW-14","WIND","Dunmaglass Wind Farm Limited","T",TRUE,"Dunmglass Windfarm 1","DNMG",-2,100,"P",-0.030134,-0.8,-0.8,40,40,TRUE,FALSE,NA,NA,NA,94,6,100
76,"EAAO-1","T_EAAO-1","48W000000EAAO-1R","WIND","East Anglia One Limited","T",TRUE,"East Anglia One Offshore 1","EAOWIND",-6.6,358,"P",0.0042196,-2.64,-2.64,143.2,143.2,TRUE,FALSE,NA,NA,NA,342,16,358
77,"EAAO-2","T_EAAO-2","48W000000EAAO-2P","WIND","East Anglia One Limited","T",TRUE,"East Anglia One Offshore 2","EAOWIND",-7.5,367,"P",0.0042196,-3,-3,146.8,146.8,TRUE,FALSE,NA,NA,NA,342,25,367
78,"EDINW-1","T_EDINW-1","48W10000EDINW-1N","WIND","Vattenfall Wind Power Ltd","T",TRUE,"Edinbane Windfarm","VWPL",-0.34,41.4,"P",-0.030134,-0.136,-0.136,16.56,16.56,TRUE,FALSE,NA,NA,NA,41.4,0,41.4
79,"EWHLW-1","T_EWHLW-1","48W00000EWHLW-1U","WIND","SP Renewables (UK) Limited","T",TRUE,"Ewe Hill II Windfarm","SPCRE01",-2,38,"P",-0.0088069,-0.8,-0.8,15.2,15.2,TRUE,FALSE,NA,NA,NA,36.8,1.2,38
80,"FAARW-1","T_FARR-1","48W00000FAARW-13","WIND","Smartestenergy Limited","T",TRUE,"Farr Unit 1","SMARTEST",-14,92,"C",-0.030134,-5.6,-5.6,36.8,36.8,TRUE,FALSE,NA,NA,NA,46,46,46
81,"FAARW-2","T_FARR-2","48W00000FAARW-21","WIND","Smartestenergy Limited","T",TRUE,"Farr Unit 2","SMARTEST",-14,92,"C",-0.030134,-5.6,-5.6,36.8,36.8,TRUE,FALSE,NA,NA,NA,46,46,46
82,"FALGD-1","T_FALGD-1",NA,NA,"Fallago Rig Wind Farm Limited","T",FALSE,"Fallago Rig Demand","FALLAGO",-6,0,"C",-0.0088069,-0.58,-0.58,0,0,FALSE,FALSE,NA,NA,NA,NA,NA,0
83,"FALGW-1","T_FALGW-1","48W00000FALGW-1T","WIND","Fallago Rig Wind Farm Limited","T",TRUE,"Fallago Rig Wind Farm","FALLAGO",-2.5,144,"P",-0.0088069,-1,-1,57.6,57.6,TRUE,FALSE,NA,NA,NA,144,0,144
84,"FSDLW-1","T_FSDLW-1","48W00000FSDLW-10","WIND","Freasdail Energy Limited","T",TRUE,"Freasdail Wind Farm","FEL",-0.4,22.2,"P",-0.030134,-0.16,-0.16,8.88,8.88,TRUE,FALSE,NA,NA,NA,22.2,0,22.2
85,"GAOFO-1","T_GANW-11","48W00000GAOFO-13","WIND","Galloper Offshore WindFarm Ltd","T",TRUE,"Galloper OSP 11","GALOWFL",-3,88,"P",0.0042196,-1.2,-1.2,35.2,35.2,TRUE,FALSE,NA,NA,NA,88,0,88
86,"GAOFO-2","T_GANW-22","48W00000GAOFO-21","WIND","Galloper Offshore WindFarm Ltd","T",TRUE,"Galloper OSP 22","GALOWFL",-3,385.82,"P",0.0042196,-1.2,-1.2,154.328,154.328,TRUE,FALSE,NA,NA,NA,88,297.82,88
87,"GAOFO-3","T_GANW-13","48W10000GAOFO-3N","WIND","Galloper Offshore WindFarm Ltd","T",TRUE,"Galloper OSP 13","GALOWFL",-3,88,"P",0.0042196,-1.2,-1.2,35.2,35.2,TRUE,FALSE,NA,NA,NA,88,0,88
88,"GAOFO-4","T_GANW-24","48W00000GAOFO-4Y","WIND","Galloper Offshore WindFarm Ltd","T",TRUE,"Galloper OSP 24","GALOWFL",-3,88,"P",0.0042196,-1.2,-1.2,35.2,35.2,TRUE,FALSE,NA,NA,NA,88,0,88
89,"GDSTW-1","E_GDSTW-1","48W00000GDSTW-14","WIND","Mobius Renewables Gen. (GB)","E",TRUE,"Gordonstown","AIRGEN",-0.088,13.289,"C",-0.030134,-0.035,-0.035,5.316,5.316,TRUE,FALSE,"_P","North Scotland",NA,13,0.289,13.289
90,"GFLDW-1","E_GFLDW-1","48W00000GFLDW-11",NA,"Edgware Energy Limited","E",TRUE,"Goole Fields Wind Farm","EDGWARE",-0.22,32.8,"C",-0.0051169,-0.088,-0.088,13.12,13.12,TRUE,FALSE,"_M","Yorkshire",NA,32,0.799999999999997,32.8
91,"GLCHW-1","E_GLCHW-1",NA,"WIND","ENGIE Power Limited","E",TRUE,"Glenchamber","RWETDL",0,27.44,"C",-0.0088069,0,0,10.976,10.976,TRUE,FALSE,"_N","South Scotland",NA,27,0.440000000000001,27.44
92,"GLNKW-1","T_GLNKW-1",NA,"WIND","EDF Energy Customers Limited","T",TRUE,"GLEN KYLLACHY WINDFARM","LENCO",-2,48.392,"C",-0.030134,-0.8,-0.8,19.357,19.357,TRUE,FALSE,NA,NA,NA,50,1.608,48.392
93,"GLOFW-1","E_GLOFW-1","48W00000GLOFW-15","WIND","Glens of Foudland Ltd","E",TRUE,"Glens of Foudland","GOFPOWER",-2,26.7,"C",-0.030134,-0.8,-0.8,10.68,10.68,TRUE,FALSE,"_P","North Scotland",NA,26,0.699999999999999,26.7
94,"GLWSW-1","T_GLWSW-1","48W00000GLWSW-13","WIND","GALAWHISTLE WIND FARM","T",TRUE,"Galawhistle Wind Farm","GALAWWF",-0.72,55.2,"P",-0.0088069,-0.288,-0.288,22.08,22.08,TRUE,FALSE,NA,NA,NA,55,0.200000000000003,55.2
95,"GNAPW-1","T_GNAPW-1","48W00000GNAPW-1P","WIND","SP Renewables (UK) Limited","T",TRUE,"Glen App Windfarm","SPCRE01",-2,22,"P",-0.0088069,-0.8,-0.8,8.8,8.8,TRUE,FALSE,NA,NA,NA,22,0,22
96,"GNFSW-1","T_GNFSW-1","48W00000GNFSW-1H","WIND","Gunfleet Sands Limited","T",TRUE,"Gunfleet Sands 1","DONG005",-2,108,"P",0.0042196,-0.8,-0.8,43.2,43.2,TRUE,FALSE,NA,NA,NA,100,8,108
97,"GNFSW-2","T_GNFSW-2","48W00000GNFSW-2F","WIND","Gunfleet Sands II Limited","T",TRUE,"Gunfleet Sands 2","DONG006",-4.383,64.48,"P",0.0042196,-1.753,-1.753,25.792,25.792,TRUE,FALSE,NA,NA,NA,86,21.52,86
98,"GORDW-1","T_GORDW-1","48W00000GORDW-1D","WIND","SSE Generation Ltd","T",TRUE,"Gordon Bush","SSEGEN",-0.6,86.764,"P",-0.030134,-0.24,-0.24,34.706,34.706,TRUE,FALSE,NA,NA,NA,84,2.764,86.764
99,"GORDW-2","T_GORDW-2",NA,"WIND","SSE Generation Ltd","T",TRUE,"Gordonbush WF Extension","SSEGEN",-0.6,58.733,"P",-0.030134,-0.24,-0.24,23.493,23.493,TRUE,FALSE,NA,NA,NA,37,21.733,37
100,"GRGBW-1","T_GRGBW-1","48W00000GRGBW-1V","WIND","Greater Gabbard Offshore Winds","T",TRUE,"Greater Gabbard Module 1","GGOWL",-5,240,"P",0.0042196,-2,-2,96,96,TRUE,FALSE,NA,NA,NA,167,73,167
101,"GRGBW-2","T_GRGBW-2","48W00000GRGBW-2T","WIND","Greater Gabbard Offshore Winds","T",TRUE,"Greater Gabbard Module 2","GGOWL",-5,240,"P",0.0042196,-2,-2,96,96,TRUE,FALSE,NA,NA,NA,168,72,168
102,"GRGBW-3","T_GRGBW-3","48W00000GRGBW-3R","WIND","Greater Gabbard Offshore Winds","T",TRUE,"Greater Gabbard Module 3","GGOWL",-5,240,"P",0.0042196,-2,-2,96,96,TRUE,FALSE,NA,NA,NA,168,72,168
103,"GRGRW-1","E_GRGRW-1",NA,"WIND","Greengairs East Wind Farm Ltd","E",TRUE,"Greengairs East WF-1","GEWF0422",-0.5,36,"P",-0.0088069,-0.2,-0.2,14.4,14.4,TRUE,FALSE,"_N","South Scotland",NA,36,0,36
104,"GRIFW-1","T_GRIFW-1","48W10000GRIFW-1N","WIND","Griffin Wind Farm Ltd","T",TRUE,"Griffin Wind Farm 1","GRWL",-3,102,"P",-0.030134,-1.2,-1.2,40.8,40.8,TRUE,FALSE,NA,NA,NA,102,0,102
105,"GRIFW-2","T_GRIFW-2","48W00000GRIFW-2Y","WIND","Griffin Wind Farm Ltd","T",TRUE,"Griffin Wind Farm 2","GRWL",-3,104,"P",-0.030134,-1.2,-1.2,41.6,41.6,TRUE,FALSE,NA,NA,NA,102,2,104
106,"GRIFWD-1","T_GRIFWD-1",NA,NA,"Griffin Wind Farm Ltd","T",FALSE,"Griffin Windfarm Demand BMU","GRWL",-1,0,"C",-0.030134,-0.506,-0.506,0,0,FALSE,FALSE,NA,NA,NA,NA,NA,0
107,"GYMRD-16","T_GYMRD-16",NA,NA,"Gwynt y Mor Offshore Wind Farm","T",FALSE,"GyM Onshore non est Dem 16","GYMOWL",-1,0,"P",0.0013166,-1,-1,0,0,FALSE,TRUE,NA,NA,NA,NA,NA,0
108,"GYMRD-2","T_GYMRD-2",NA,NA,"Gwynt y Mor Offshore Wind Farm","T",FALSE,"GyM Onshore est Dem 2","GYMOWL",-1,0,"P",0.0013166,0,0,0,0,FALSE,TRUE,NA,NA,NA,NA,NA,0
109,"GYMRD-E10","T_GYMRD-E10",NA,NA,"Gwynt y Mor Offshore Wind Farm","T",FALSE,"GyM OSPE non est Dem 10","GYMOWL",-1,0,"P",0.0013166,-0.03,-0.03,0,0,FALSE,TRUE,NA,NA,NA,NA,NA,0
110,"GYMRD-E11","T_GYMRD-E11",NA,NA,"Gwynt y Mor Offshore Wind Farm","T",FALSE,"GyM OSPE est Dem 11","GYMOWL",-1,0,"P",0.0013166,-0.435,-0.435,0,0,FALSE,TRUE,NA,NA,NA,NA,NA,0
111,"GYMRD-W10","T_GYMRD-W10",NA,NA,"Gwynt y Mor Offshore Wind Farm","T",FALSE,"GyM OSPW non est Dem 10","GYMOWL",-1,0,"P",0.0013166,-0.024,-0.024,0,0,FALSE,TRUE,NA,NA,NA,NA,NA,0
112,"GYMRD-W11","T_GYMRD-W11",NA,NA,"Gwynt y Mor Offshore Wind Farm","T",FALSE,"GyM OSPW est Dem 11","GYMOWL",-1,0,"P",0.0013166,-0.549,-0.549,0,0,FALSE,TRUE,NA,NA,NA,NA,NA,0
113,"GYMRO-15","T_GYMR-15",NA,"WIND","Gwynt y Mor Offshore Wind Farm","T",TRUE,"GyM OSPE 15","GYMOWL",-3,148,"P",0.0013166,-1.2,-1.2,59.2,59.2,TRUE,FALSE,NA,NA,NA,140,8,148
114,"GYMRO-17","T_GYMR-17",NA,"WIND","Gwynt y Mor Offshore Wind Farm","T",TRUE,"GyM OSPE 17","GYMOWL",-3,148,"P",0.0013166,-1.2,-1.2,59.2,59.2,TRUE,FALSE,NA,NA,NA,141,7,148
115,"GYMRO-26","T_GYMR-26",NA,"WIND","Gwynt y Mor Offshore Wind Farm","T",TRUE,"GyM OSPW 26","GYMOWL",-3,148,"P",0.0013166,-1.2,-1.2,59.2,59.2,TRUE,FALSE,NA,NA,NA,143,5,148
116,"GYMRO-28","T_GYMR-28",NA,"WIND","Gwynt y Mor Offshore Wind Farm","T",TRUE,"GyM OSPW 28","GYMOWL",-3,148,"P",0.0013166,-1.2,-1.2,59.2,59.2,TRUE,FALSE,NA,NA,NA,142,6,148
117,"HADHW-1","T_HADHW-1","48W00000HADHW-1J","WIND","SSE Renewables Wind Farms","T",TRUE,"Hadyard Hill Wind Farm","SSERWFL",-0.66,130,"P",-0.0088069,-0.264,-0.264,52,52,TRUE,FALSE,NA,NA,NA,100,30,100
118,"HAHAW-1","T_HAHAW-1",NA,"WIND","HAGSHAW HILL REPOWERING LTD","T",TRUE,"Hagshaw Repower 1","HAGHWF",-0.25,28.5,"P",-0.0088069,-0.1,-0.1,11.4,11.4,TRUE,FALSE,NA,NA,NA,NA,NA,28.5
119,"HALSW-1","T_HALSW-1",NA,"WIND","SP Renewables (UK) Limited","T",TRUE,"Halsary Windfarm","SPCRE01",-1,30,"P",-0.030134,-0.4,-0.4,12,12,TRUE,FALSE,NA,NA,NA,28,2,30
120,"HBHDW-1","E_HBHDW-1","48W00000HBHDW-18","WIND","LDV Harburnhead Ltd","E",TRUE,"HARBURNHEADWF","HARBURN1",-0.22,51.7,"P",-0.0088069,-0.088,-0.088,20.68,20.68,TRUE,FALSE,"_N","South Scotland",NA,52,0.299999999999997,51.7
121,"HLGLW-1","E_HLGLW-1","48W00000HLGLW-1F","WIND","ENGIE Power Limited","E",TRUE,"Hill of Glaschyle","RWETDL",-0.4,28,"C",-0.030134,-0.16,-0.16,11.2,11.2,TRUE,FALSE,"_P","North Scotland",NA,27.6,0.399999999999999,28
122,"HLTWW-1","E_HLTWW-1","48W00000HLTWW-1U","WIND","ScottishPower Energy Retail","E",TRUE,"Hill of Towie","SPSUP01",-1,48,"P",-0.030134,-0.4,-0.4,19.2,19.2,TRUE,FALSE,"_P","North Scotland",NA,48,0,48
123,"HMGTO-1","T_HMGTO-1","48W00000HMGTO-10","WIND","RWE Renewables UK Humber Wind","T",TRUE,"Humber Offshore Wind Farm BMU1","HMBRWNDL",-6,108,"P",-0.0051169,-2.4,-2.4,43.2,43.2,TRUE,FALSE,NA,NA,NA,108,0,108
124,"HMGTO-2","T_HMGTO-2","48W00000HMGTO-2Z","WIND","RWE Renewables UK Humber Wind","T",TRUE,"Humber Offshore Wind Farm BMU2","HMBRWNDL",-6.2,111,"P",-0.0051169,-2.48,-2.48,44.4,44.4,TRUE,FALSE,NA,NA,NA,111,0,111
125,"HOWAO-1","T_HOWAO-1","48W00000HOWAO-1M","WIND","Hornsea 1 Limited","T",TRUE,"HORNSEA_1A","DONG013",-5.734,400,"P",-0.0051169,-2.294,-2.294,160,160,TRUE,FALSE,NA,NA,NA,398,2,400
126,"HOWAO-2","T_HOWAO-2","48W00000HOWAO-2K","WIND","Hornsea 1 Limited","T",TRUE,"HORNSEA_1B","DONG013",-7.26,400,"P",-0.0051169,-2.904,-2.904,160,160,TRUE,FALSE,NA,NA,NA,393,7,400
127,"HOWAO-3","T_HOWAO-3","48W00000HOWAO-3I","WIND","Hornsea 1 Limited","T",TRUE,"HORNSEA_1C","DONG013",-7.3,400,"P",-0.0051169,-2.92,-2.92,160,160,TRUE,FALSE,NA,NA,NA,396,4,400
128,"HOWBO-1","T_HOWBO-1","48W00000HOWBO-3H","WIND","Breesea Limited","T",TRUE,"HORNSEA_WF_2A","ORSTED01",-8.741,440,"P",-0.0051169,-3.496,-3.496,176,176,TRUE,FALSE,NA,NA,NA,437,3,440
129,"HOWBO-2","T_HOWBO-2","48W00000HOWBO-2F","WIND","Sonningmay Wind Limited","T",TRUE,"HORNSEA_WF_2B","ORSTED02",-5.805,440,"P",-0.0051169,-2.322,-2.322,176,176,TRUE,FALSE,NA,NA,NA,430,10,440
130,"HOWBO-3","T_HOWBO-3","48W00000HOWBO-3D","WIND","Soundmark Wind Limited","T",TRUE,"HORNSEA_WF_2C","ORSTED03",-5.346,440,"P",-0.0051169,-2.138,-2.138,176,176,TRUE,FALSE,NA,NA,NA,438,2,440
131,"HRHLW-1","E_HRHLW-1",NA,"WIND","SP Renewables (UK) Limited","E",TRUE,"Hare Hill Extension Windfarm","SPCRE01",-2,30,"P",-0.0088069,-0.8,-0.8,12,12,TRUE,FALSE,"_N","South Scotland",NA,29.75,0.25,30
132,"HRSTW-1","T_HRSTW-1","48W00000HRSTW-19","WIND","SP Renewables (UK) Limited","T",TRUE,"Harestanes","SPCRE01",-50.633,142.3,"P",-0.0088069,-20.253,-20.253,56.92,56.92,TRUE,FALSE,NA,NA,NA,136,6.30000000000001,142.3
133,"HYWDW-1","E_HYWDW-1","48W00000HYWDW-1G","WIND","HYWINDSC","E",TRUE,"Hywind Generator BMU1","HYWINDSC",-0.803,30,"P",-0.030134,-0.321,-0.321,12,12,TRUE,FALSE,"_P","North Scotland",NA,29,1,30
134,"KENNW-1","T_KENNW-1",NA,"WIND","Kennoxhead Wind Farm Limited","T",TRUE,"Kennoxhead Wind Farm","KENX01",-0.1,60,"P",-0.0088069,-0.04,-0.04,24,24,TRUE,FALSE,NA,NA,NA,62,2,60
135,"KILBW-1","T_KILBW-1","48W00000KILBW-1W","WIND","Kilbraur Wind Energy Ltd","T",TRUE,"KILBW","KILBRAUR",-1,68.51,"P",-0.030134,-0.4,-0.4,27.404,27.404,TRUE,FALSE,NA,NA,NA,67.5,1.01000000000001,68.51
136,"KINCW-1","E_KINCW-1","48W00000KINCW-1F","WIND","Statkraft Markets Gmbh","E",TRUE,"Kincardine Offshore Windfarm","STATKRA1",-0.5,49.6,"P",-0.030134,-0.2,-0.2,19.84,19.84,TRUE,FALSE,"_P","North Scotland",NA,40,9.6,40
137,"KLGLW-1","T_KLGLW-1","48W00000KLGLW-1S","WIND","SP Renewables (UK) Limited","T",TRUE,"Kilgallioch Windfarm","SPCRE01",-2,228,"P",-0.0088069,-0.8,-0.8,91.2,91.2,TRUE,FALSE,NA,NA,NA,223,5,228
138,"KPMRW-1","T_KPMRW-1",NA,"WIND","OnPath Energy Limited","T",TRUE,"KYPE MUIR WIND FARM","BANKSREN",-2,89,"P",-0.0088069,-0.8,-0.8,35.6,35.6,TRUE,FALSE,NA,NA,NA,89,0,89
139,"KTHLW-1","T_KTHLW-1",NA,"WIND","Statkraft Markets Gmbh","T",TRUE,"KEITH HILL WINDFARM","STATKRA1",0,4.54,"P",-0.0088069,0,0,1.816,1.816,TRUE,FALSE,NA,NA,NA,4,0.54,4
140,"KYPEW-1","T_KYPEW-1",NA,"WIND","Kype Extension Wind Farm Ltd","T",TRUE,"KYPE MUIR EXT WIND FARM","KYPEMEXT",-3.631,67,"P",-0.0088069,-1.452,-1.452,26.8,26.8,TRUE,FALSE,NA,NA,NA,67,0,67
141,"LARYO-1","T_LARYW-1","48W00000LARYO-1Z","WIND","London Array Limited","T",TRUE,"London Array BMU1","LAOWF",-10.32,171,"P",0.0120522,-4.128,-4.128,68.4,68.4,TRUE,FALSE,NA,NA,NA,156,15,171
142,"LARYO-2","T_LARYW-2","48W00000LARYO-2X","WIND","London Array Limited","T",TRUE,"London Array BMU2","LAOWF",-10.56,171,"P",0.0120522,-4.224,-4.224,68.4,68.4,TRUE,FALSE,NA,NA,NA,152,19,152
143,"LARYO-3","T_LARYW-3","48W00000LARYO-3V","WIND","London Array Limited","T",TRUE,"London Array BMU3","LAOWF",-10.56,171,"P",0.0120522,-4.224,-4.224,68.4,68.4,TRUE,FALSE,NA,NA,NA,160,11,171
144,"LARYO-4","T_LARYW-4","48W00000LARYO-4T","WIND","London Array Limited","T",TRUE,"London Array BMU4","LAOWF",-10.56,191.099,"P",0.0120522,-4.224,-4.224,76.44,76.44,TRUE,FALSE,NA,NA,NA,156,35.099,156
145,"LCLTW-1","T_LCLTW-1","48W00000LCLTW-1D","WIND","Eneco Energy Trade","T",TRUE,"Lochluichart Windfarm","ENECOUK",-0.5,69,"C",-0.030134,-0.2,-0.2,27.6,27.6,TRUE,FALSE,NA,NA,NA,69,0,69
146,"LIMKW-1","T_LIMKW-1","48W00000LIMKW-1A","WIND","Limekiln Extension Ltd","T",TRUE,"Limekiln Wind Farm","LMKEXTWF",-1,106,"P",-0.030134,-0.4,-0.4,42.4,42.4,TRUE,FALSE,NA,NA,NA,106,0,106
147,"LNCSO-1","T_LNCSW-1","48W00000LNCSO-1R","WIND","Lincs Wind Farm Ltd","T",TRUE,"Lincs wind farm offshore BMU1","LINCSWFL",-4,150,"P",0.0042196,-1.6,-1.6,60,60,TRUE,FALSE,NA,NA,NA,125,25,125
148,"LNCSO-2","T_LNCSW-2","48W00000LNCSO-2P","WIND","Lincs Wind Farm Ltd","T",TRUE,"Lincs wind farm offshore BMU2","LINCSWFL",-4,150,"P",0.0042196,-1.6,-1.6,60,60,TRUE,FALSE,NA,NA,NA,137,13,150
149,"MDHLW-1","2__PSTAT002","48W00000MDHLW-1P","WIND","Statkraft Markets Gmbh","S",TRUE,"STAT P3 North Scotland","STATKRA1",0,76,"C",-0.030134,0,0,14.44,14.44,TRUE,FALSE,"_P","North Scotland",NA,76,0,76
150,"MIDMW-1","T_MIDMW-1","48W00000MIDMW-19","WIND","OnPath Energy Limited","T",TRUE,"MIDDLE MUIR WIND FARM","BANKSREN",-1,51,"P",-0.0088069,-0.4,-0.4,20.4,20.4,TRUE,FALSE,NA,NA,NA,51,0,51
151,"MILWW-1","T_MILWW-1","48W00000MILWW-1M","WIND","Millennium Wind Energy Ltd","T",TRUE,"MILWW","MILLEN07",-1,65,"P",-0.030134,-0.4,-0.4,26,26,TRUE,FALSE,NA,NA,NA,65,0,65
152,"MINSW-1","E_MINSW-1","48W00000MINSW-1U","WIND","Mobius Renewables Gen. (GB)","E",TRUE,"Minsca Wind Farm","AIRGEN",-0.26,38.123,"C",-0.0088069,-0.104,-0.104,15.249,15.249,TRUE,FALSE,"_N","South Scotland",NA,36.8,1.323,38.123
153,"MKHLW-1","T_MKHLW-1","48W00000MKHLW-1D","WIND","SP Renewables (UK) Limited","T",TRUE,"Mark Hill","SPCRE01",-2.5,53,"P",-0.0088069,-1,-1,21.2,21.2,TRUE,FALSE,NA,NA,NA,53,0,53
154,"MOWEO-1","T_MOWEO-1","48W000000MOWEO11","WIND","Moray Offshore Wind East Ltd","T",TRUE,"Moray East OWF1","MOWEL",-3.394,300,"P",-0.030134,-1.358,-1.358,120,120,TRUE,FALSE,NA,NA,NA,289,11,300
155,"MOWEO-2","T_MOWEO-2","48W00000MOWEO-2Y","WIND","Moray Offshore Wind East Ltd","T",TRUE,"Moray East OWF2","MOWEL",-5.304,300,"P",-0.030134,-2.122,-2.122,120,120,TRUE,FALSE,NA,NA,NA,300,0,300
156,"MOWEO-3","T_MOWEO-3","48W00000MOWEO-3W","WIND","Moray Offshore Wind East Ltd","T",TRUE,"Moray East OWF3","MOWEL",-3.304,300,"P",-0.030134,-1.322,-1.322,120,120,TRUE,FALSE,NA,NA,NA,297,3,300
157,"MOWWO-1","T_MOWWO-1","48W00000MOWWO-1K","WIND","Moray Offshore Wind West Ltd","T",TRUE,"Moray West OWF1","MOWWL",-3,215,"P",-0.030134,-1.2,-1.2,86,86,TRUE,FALSE,NA,NA,NA,215,0,215
158,"MOWWO-2","T_MOWWO-2","48W00000MOWWO-2I","WIND","Moray Offshore Wind West Ltd","T",TRUE,"Moray West OWF2","MOWWL",-3,215,"P",-0.030134,-1.2,-1.2,86,86,TRUE,FALSE,NA,NA,NA,215,0,215
159,"MOWWO-3","T_MOWWO-3","48W00000MOWWO-3G","WIND","Moray Offshore Wind West Ltd","T",TRUE,"Moray West OWF3","MOWWL",-3,143,"P",-0.030134,-1.2,-1.2,57.2,57.2,TRUE,FALSE,NA,NA,NA,136,7,143
160,"MOWWO-4","T_MOWWO-4","48W00000MOWWO-4E","WIND","Moray Offshore Wind West Ltd","T",TRUE,"Moray West OWF4","MOWWL",-4,287,"P",-0.030134,-1.6,-1.6,114.8,114.8,TRUE,FALSE,NA,NA,NA,279,8,287
161,"MOYEW-1","E_MOYEW-1",NA,"WIND","Eneco Energy Trade","E",TRUE,"Moy Windfarm","ENECOUK",-0.4,60,"C",-0.030134,-0.16,-0.16,24,24,TRUE,FALSE,"_P","North Scotland",NA,60,0,60
162,"MYGPW-1","T_MYGPW-1",NA,"WIND","Minnygap Energy Limited","T",TRUE,"Minnygap Wind Farm","MEL",-0.4,25,"P",-0.0088069,-0.16,-0.16,10,10,TRUE,FALSE,NA,NA,NA,26,1,25
163,"NNGAO-1","T_NNGAO-1",NA,"WIND","Neart Na Gaoithe Offshore Wind","T",TRUE,"Neart Na Gaiothe WF 1","NNG01",-3,224,"P",-0.0088069,-1.2,-1.2,89.6,89.6,TRUE,FALSE,NA,NA,NA,224,0,224
164,"NNGAO-2","T_NNGAO-2",NA,"WIND","Neart Na Gaoithe Offshore Wind","T",TRUE,"Neart Na Gaiothe WF 2","NNG01",-3,224,"P",-0.0088069,-1.2,-1.2,89.6,89.6,TRUE,FALSE,NA,NA,NA,216,8,224
165,"NNPW01","2__NNATP001",NA,"WIND","Npower Commercial Gas Limited","S",TRUE,"2__NNATP001","NPOWER02",0,50,"C",-0.010788,0,0,12.5,12.5,FALSE,FALSE,"_N","SOUTH of SCOTLAND GSP",NA,NA,NA,50
166,"NOKYW-1","T_NOKYW-1",NA,"WIND","North Kyle Wind farm Ltd","T",TRUE,"North Kyle Wind Farm-1","NKWFL",-2,106,"P",-0.0088069,-0.8,-0.8,42.4,42.4,TRUE,FALSE,NA,NA,NA,39,67,39
167,"NOKYW-2","T_NOKYW-2",NA,"WIND","North Kyle Wind farm Ltd","T",TRUE,"North Kyle Wind Farm-2","NKWFL",-2,106,"P",-0.0088069,-0.8,-0.8,42.4,42.4,TRUE,FALSE,NA,NA,NA,40,66,40
168,"OMNDO-1","T_OMNDW-1","48W00000OMNDO-1J","WIND","Ormonde Energy Ltd","T",TRUE,"Ormonde Energy Limited 1","ORMONDE",0,150.76,"P",-0.0048159,0,0,60.304,60.304,TRUE,FALSE,NA,NA,NA,142,8.75999999999999,150.76
169,"PAUHW-1","2__PENEC002","48W00000PAUHW-11","WIND","Eneco Energy Trade","S",TRUE,"Pauls Hill Windfarm","ENECOUK",-0.4,70.167,"C",-0.030134,-0.149,-0.136,26.172,23.92,FALSE,FALSE,"_P","North Scotland",NA,NA,NA,70.167
170,"PGBIW-1","T_PGBIW-1",NA,"WIND","EDF Energy Customers Limited","T",TRUE,"Pogbie WF","LENCO",0,10,"C",-0.0088069,0,0,4,4,TRUE,FALSE,NA,NA,NA,9,1,10
171,"PIBUW-1","E_PIBUW-1",NA,"WIND","Npower Commercial Gas Limited","E",TRUE,"Pines Burn Wind Farm","NPOWER02",0,35.674,"P",-0.0088069,0,0,14.27,14.27,TRUE,FALSE,"_N","South Scotland",NA,33.6,2.074,35.674
172,"PNYCW-1","T_PNYCW-1",NA,"WIND","Pen y Cymoedd Wind Farm LTD","T",TRUE,"PNYCW-1 Export","PYC",-17.16,228,"P",0.0162007,-6.864,-6.864,91.2,91.2,TRUE,FALSE,NA,NA,NA,215,13,228
173,"RCBKO-1","T_RCBKO-1","48W00000RCBKO-1S","WIND","Race Bank Wind Farm Ltd","T",TRUE,"RACE_BANK_Z01","DONG011",-3,284,"P",0.0042196,-1.2,-1.2,113.6,113.6,TRUE,FALSE,NA,NA,NA,279,5,284
174,"RCBKO-2","T_RCBKO-2","48W00000RCBKO-2Q","WIND","Race Bank Wind Farm Ltd","T",TRUE,"RACE_BANK_Z02","DONG011",-3,290,"P",0.0042196,-1.2,-1.2,116,116,TRUE,FALSE,NA,NA,NA,286,4,290
175,"RMPNO-1","T_RMPNO-1","48W00000RMPNO-17","WIND","Rampion Offshore Windfarm Ltd","T",TRUE,"Rampion Offshore Wind BMU 1","RAMPION",-10.7,200.1,"P",0.0120522,-4.28,-4.28,80.04,80.04,TRUE,FALSE,NA,NA,NA,200,0.0999999999999943,200.1
176,"RMPNO-2","T_RMPNO-2","48W00000RMPNO-25","WIND","Rampion Offshore Windfarm Ltd","T",TRUE,"Rampion Offshore Wind BMU 2","RAMPION",-10.7,200.1,"P",0.0120522,-4.28,-4.28,80.04,80.04,TRUE,FALSE,NA,NA,NA,200,0.0999999999999943,200.1
177,"ROTHW-1","2__PENEC001",NA,"WIND","Eneco Energy Trade","S",TRUE,"Rothes Windfarm","ENECOUK",-0.4,52.801,"C",-0.030134,-0.149,-0.136,19.695,18,FALSE,FALSE,"_P","North Scotland",NA,51,1.801,52.801
178,"RREW-1","T_RREW-1","48W000000RREW-14","WIND","RWE Renewables UK Robin Rigg","T",TRUE,"T_RREW-1","ROBINRIG",-6,114.293,"P",-0.0048159,-2.4,-2.4,45.717,45.717,TRUE,FALSE,NA,NA,NA,83,31.293,83
179,"RRWW-1","T_RRWW-1","48W000000RRWW-1P","WIND","RWE Renewables UK Robin Rigg","T",TRUE,"T_RRWW-1","ROBINRIG",-6,90.838,"P",-0.0048159,-2.4,-2.4,36.335,36.335,TRUE,FALSE,NA,NA,NA,89,1.83799999999999,90.838
180,"RSHLW-1","2__PEDGE004","48W00000RSHLW-1S","WIND","Edgware Energy Limited","S",TRUE,"2__PEDGE004","EDGWARE",0,24.7,"C",-0.030134,0,0,4.451,4.451,FALSE,FALSE,"_P","North Scotland",NA,NA,NA,24.7
181,"SAKNW-1","T_SAKNW-1",NA,"WIND","Sandy Knowe Wind Farm Ltd","T",TRUE,"Sandy Knowe Wind Farm","SANDYWF1",-1,87,"P",-0.0088069,-0.4,-0.4,34.8,34.8,TRUE,FALSE,NA,NA,NA,86.4,0.599999999999994,87
182,"SANQW-1","T_SANQW-1","48W00000SANQW-1B","WIND","SANQUHAR CWCL","T",TRUE,"SANQUHAR","SCWCL",0,32.08,"P",-0.0088069,0,0,12.832,12.832,TRUE,FALSE,NA,NA,NA,31,1.08,32.08
183,"SGRWO-1","T_SGRWO-1","48W00000SGRWO-1L","WIND","Seagreen Wind Energy Limited","T",TRUE,"Seagreen1 Offshore WF 1","SWEL001",-4.3,358,"P",-0.030134,-1.72,-1.72,143.2,143.2,TRUE,FALSE,NA,NA,NA,293,65,293
184,"SGRWO-2","T_SGRWO-2","48W00000SGRWO-2J","WIND","Seagreen Wind Energy Limited","T",TRUE,"Seagreen1 Offshore WF 2","SWEL001",-2.64,220,"P",-0.030134,-1.056,-1.056,88,88,TRUE,FALSE,NA,NA,NA,79,141,79
185,"SGRWO-3","T_SGRWO-3","48W00000SGRWO-3H","WIND","Seagreen Wind Energy Limited","T",TRUE,"Seagreen1 Offshore WF 3","SWEL001",-4.43,374.618,"P",-0.030134,-1.772,-1.772,149.847,149.847,TRUE,FALSE,NA,NA,NA,160,214.618,160
186,"SGRWO-4","T_SGRWO-4","48W00000SGRWO-4F","WIND","Seagreen Wind Energy Limited","T",TRUE,"Seagreen1 Offshore WF 4","SWEL001",-2.6,140,"P",-0.030134,-1.04,-1.04,56,56,TRUE,FALSE,NA,NA,NA,139,1,140
187,"SGRWO-5","T_SGRWO-5","48W00000SGRWO-5D","WIND","Seagreen Wind Energy Limited","T",TRUE,"Seagreen1 Offshore WF 5","SWEL001",-3.42,300,"P",-0.030134,-1.368,-1.368,120,120,TRUE,FALSE,NA,NA,NA,78,222,78
188,"SGRWO-6","T_SGRWO-6","48W00000SGRWO-6B","WIND","Seagreen Wind Energy Limited","T",TRUE,"Seagreen1 Offshore WF 6","SWEL001",-5.6,380,"P",-0.030134,-2.24,-2.24,152,152,TRUE,FALSE,NA,NA,NA,355,25,380
189,"SHRSO-1","T_SHRSW-1","48W00000SHRSO-1Y","WIND","Scira Offshore Energy Limited","T",TRUE,"Sheringham Shoal Unit 1","SCIRA",-1.1,158.4,"P",0.0042196,-0.44,-0.44,63.36,63.36,TRUE,FALSE,NA,NA,NA,149,9.40000000000001,158.4
190,"SHRSO-2","T_SHRSW-2","48W00000SHRSO-2W","WIND","Scira Offshore Energy Limited","T",TRUE,"Sheringham Shoal Unit 2","SCIRA",-1.1,158.4,"P",0.0042196,-0.44,-0.44,63.36,63.36,TRUE,FALSE,NA,NA,NA,152,6.40000000000001,158.4
191,"SOKYW-1","T_SOKYW-1",NA,"WIND","South Kyle Wind Farm Limited","T",TRUE,"South Kyle Wind Farm","GBSKYL",-2,426.916,"P",-0.0088069,-0.8,-0.8,170.766,170.766,TRUE,FALSE,NA,NA,NA,235,191.916,235
192,"STLGW-1","T_STLGW-1","48W00000STLGW-1E","WIND","Stronelairg Windfarm Limited","T",TRUE,"Stronelairg Windfarm 1","STLG",-2.755,108,"P",-0.030134,-1.102,-1.102,43.2,43.2,TRUE,FALSE,NA,NA,NA,72,36,72
193,"STLGW-2","T_STLGW-2","48W00000STLGW-2C","WIND","Stronelairg Windfarm Limited","T",TRUE,"Stronelairg Windfarm 2","STLG",-2,108,"P",-0.030134,-0.8,-0.8,43.2,43.2,TRUE,FALSE,NA,NA,NA,82,26,82
194,"STLGW-3","T_STLGW-3","48W00000STLGW-3A","WIND","Stronelairg Windfarm Limited","T",TRUE,"Stronelairg Windfarm 3","STLG",-3.316,108,"P",-0.030134,-1.326,-1.326,43.2,43.2,TRUE,FALSE,NA,NA,NA,72,36,72
195,"STRNW-1","T_STRNW-1","48W00000STRNW-1H","WIND","Strathy Wind Farm Limited","T",TRUE,"Strathy North Wind Farm 1","STRTHWFL",-0.6,70,"P",-0.030134,-0.24,-0.24,28,28,TRUE,FALSE,NA,NA,NA,67,3,70
196,"SWBKW-1","E_SWBKW-1",NA,"WIND","Vattenfall Energy Trading","E",TRUE,"Solwaybank WF","VTS",0,32,"C",-0.0088069,0,0,12.8,12.8,TRUE,FALSE,"_N","South Scotland",NA,30,2,32
197,"TACHW-1","2__PSMAE003",NA,"WIND","Smartestenergy Limited","S",TRUE,"CE Tacher Turbines Limited","SMARTEST",-0.3,12.9,"C",-0.030134,-0.112,-0.102,4.812,4.398,FALSE,FALSE,"_P","North Scotland",NA,NA,NA,12.9
198,"TDBNW-1","T_TDBNW-1","48W00000TDBNW-1W","WIND","SSE Generation Ltd","T",TRUE,"Toddleburn","SSEGEN",-1,31.6,"P",-0.0088069,-0.4,-0.4,12.64,12.64,TRUE,FALSE,NA,NA,NA,28,3.6,28
199,"THNTO-1","T_THNTO-1",NA,"WIND","Thanet Offshore Wind Limited","T",TRUE,"Thanet Offshore Wind Limited 1","TOW",-3,287.699,"P",0.0120522,-1.2,-1.2,115.08,115.08,TRUE,FALSE,NA,NA,NA,146,141.699,146
200,"THNTO-2","T_THNTO-2",NA,"WIND","Thanet Offshore Wind Limited","T",TRUE,"Thanet Offshore Wind Limited 2","TOW",-3,230.159,"P",0.0120522,-1.2,-1.2,92.064,92.064,TRUE,FALSE,NA,NA,NA,149,81.159,149
201,"TKNEW-1","T_TKNEW-1",NA,"WIND","Triton Knoll Offshore Wind","T",TRUE,"Triton Knoll OSP East 1","TKWFL",-6.621,412,"P",0.0073472,-2.648,-2.648,164.8,164.8,TRUE,FALSE,NA,NA,NA,412,0,412
202,"TKNWW-1","T_TKNWW-1",NA,"WIND","Triton Knoll Offshore Wind","T",TRUE,"Triton Knoll OSP west 1","TKWFL",-6.509,412,"P",0.0073472,-2.604,-2.604,164.8,164.8,TRUE,FALSE,NA,NA,NA,412,0,412
203,"TLYMW-1","E_TLYMW-1","48W00000TLYMW-1S","WIND","ECOTRICITY LIMITED","E",TRUE,"Tullymurdoch Wind Farm","RENC",0,13.841,"C",-0.030134,0,0,5.536,5.536,TRUE,FALSE,"_P","North Scotland",NA,14.35,0.509,13.841
204,"TMNCW-1","C__PSTAT011",NA,"WIND","Statkraft Markets Gmbh","S",TRUE,"C__PSTAT011-AAA-NAN-184","STATKRA1",0,44.313,"C",-0.030134,0,0,10.901,10.901,FALSE,FALSE,"_P","North Scotland",NA,39,5.313,39
205,"TRLGW-1","T_TRLGW-1",NA,"WIND","Smartestenergy Limited","T",TRUE,"T_TRLGW-1","SMARTEST",0,18.742,"C",-0.0088069,0,0,7.497,7.497,TRUE,FALSE,NA,NA,NA,18.8,0.0579999999999998,18.742
206,"TULWW-1","E_TULWW-1","48W00000TULWW-1U","WIND","Eneco Energy Trade","E",TRUE,"Tullo Windfarm","ENECOUK",-9.538,17,"P",-0.030134,-3.815,-3.815,6.8,6.8,TRUE,FALSE,"_P","North Scotland",NA,16,1,17
207,"TULWW-2","E_TULWW-2","48W00000TULWW-2S","WIND","Eneco Energy Trade","E",TRUE,"Tullo Extension","ENECOUK",-0.4,25,"C",-0.030134,-0.16,-0.16,10,10,TRUE,FALSE,"_P","North Scotland",NA,25,0,25
208,"TWSHW-1","T_TWSHW-1",NA,"WIND","Twentyshilling Limited","T",TRUE,"Twenty Shilling Wind Farm","TWENTYSH",-7.324,37.8,"P",-0.0088069,-2.93,-2.93,15.12,15.12,TRUE,FALSE,NA,NA,NA,38,0.200000000000003,37.8
209,"VKNGW-1","T_VKNGW-1","48W00000VKNGW-14","WIND","Viking Energy Wind Farm LLP","T",TRUE,"Viking Energy Windfarm BMU-1","VIKING",-3,121.8,"P",-0.030134,-1.2,-1.2,48.72,48.72,TRUE,FALSE,NA,NA,NA,105,16.8,105
210,"VKNGW-2","T_VKNGW-2","48W00000VKNGW-22","WIND","Viking Energy Wind Farm LLP","T",TRUE,"Viking Energy Windfarm BMU-2","VIKING",-3,121.8,"P",-0.030134,-1.2,-1.2,48.72,48.72,TRUE,FALSE,NA,NA,NA,105,16.8,105
211,"VKNGW-3","T_VKNGW-3","48W00000VKNGW-30","WIND","Viking Energy Wind Farm LLP","T",TRUE,"Viking Energy Windfarm BMU-3","VIKING",-3,121.8,"P",-0.030134,-1.2,-1.2,48.72,48.72,TRUE,FALSE,NA,NA,NA,105,16.8,105
212,"VKNGW-4","T_VKNGW-4","48W00000VKNGW-4Z","WIND","Viking Energy Wind Farm LLP","T",TRUE,"Viking Energy Windfarm BMU-4","VIKING",-3,121.8,"P",-0.030134,-1.2,-1.2,48.72,48.72,TRUE,FALSE,NA,NA,NA,109,12.8,109
213,"WDNSO-1","T_WDNSO-1","48W00000WDNSO-1H","WIND","Morecambe Wind Limited","T",TRUE,"West of Duddon Sands Offshore1","MWLWODS1",-5,197,"P",-0.0048159,-2,-2,78.8,78.8,TRUE,FALSE,NA,NA,NA,192,5,197
214,"WDNSO-2","T_WDNSO-2","48W00000WDNSO-2F","WIND","Morecambe Wind Limited","T",TRUE,"West of Duddon Sands Offshore2","MWLWODS1",-5,201,"P",-0.0048159,-2,-2,80.4,80.4,TRUE,FALSE,NA,NA,NA,192,9,201
215,"WDRGW-1","T_WDRGW-1",NA,"WIND","Windy Rig Wind Farm Limited","T",TRUE,"Windy Rig Wind Farm","WINDYRIG",-0.76,42.8,"P",-0.0088069,-0.304,-0.304,17.12,17.12,TRUE,FALSE,NA,NA,NA,43,0.200000000000003,42.8
216,"WHIHW-1","T_WHIHW-1","48W00000WHIHW-15","WIND","Whiteside Hill","T",TRUE,"Whiteside Hill WF","WHWF1985",-0.1,27.52,"P",-0.0088069,-0.04,-0.04,11.008,11.008,TRUE,FALSE,NA,NA,NA,26,1.52,27.52
217,"WHILW-1","T_WHILW-1","48W00000WHILW-1M","WIND","SP Renewables (UK) Limited","T",TRUE,"T_WHILW-1","SPCRE01",-10,309,"P",-0.0088069,-4,-4,123.6,123.6,TRUE,FALSE,NA,NA,NA,303,6,309
218,"WHILW-2","T_WHILW-2","48W00000WHILW-2K","WIND","SP Renewables (UK) Limited","T",TRUE,"Whitelee Extension","SPCRE01",-3.5,206,"P",-0.0088069,-1.4,-1.4,82.4,82.4,TRUE,FALSE,NA,NA,NA,190,16,206
219,"WISTW-2","T_WISTW-2",NA,"WIND","BROCKLOCH RIG WINDFARM LTD","T",TRUE,"Brockloch Rig 2 WF Exp A","BRWLTD",-0.336,61.5,"P",-0.0088069,-0.134,-0.134,24.6,24.6,TRUE,FALSE,NA,NA,NA,62,0.5,61.5
220,"WLNYO-2","T_WLNYO-2","48W00000WLNYO-23","WIND","Walney Offshore Windfarms Ltd","T",TRUE,"WALNEY_2","DONG003",-2.886,183.6,"P",-0.0048159,-1.154,-1.154,73.44,73.44,TRUE,FALSE,NA,NA,NA,177,6.59999999999999,183.6
221,"WLNYO-3","T_WLNYO-3","48W00000WLNYO-31","WIND","Walney Extension Ltd","T",TRUE,"WALNEY_3","DONG012",-3,330,"P",-0.0048159,-1.2,-1.2,132,132,TRUE,FALSE,NA,NA,NA,320,10,330
222,"WLNYO-4","T_WLNYO-4","48W00000WLNYO-4-","WIND","Walney Extension Ltd","T",TRUE,"WALNEY_4","DONG012",-6.651,330,"P",-0.0048159,-2.66,-2.66,132,132,TRUE,FALSE,NA,NA,NA,329,1,330
223,"WLNYO-4","T_WLNYO-4","48W00001WLNYO-4R","WIND","Walney Extension Ltd","T",TRUE,"WALNEY_4","DONG012",-6.651,330,"P",-0.0048159,-2.66,-2.66,132,132,TRUE,FALSE,NA,NA,NA,329,1,330
224,"WLNYW-1","T_WLNYW-1","48W00000WLNYW-1A","WIND","Walney Offshore Windfarms Ltd","T",TRUE,"WALNEY_1","DONG003",-2,182,"P",-0.0048159,-0.8,-0.8,72.8,72.8,TRUE,FALSE,NA,NA,NA,174,8,182
225,"WTMSO-1","T_WTMSO-1","48W00000WTMSO-1M","WIND","Westermost Rough Limited","T",TRUE,"WESTERMOST_ROUGH","DONG008",-40,205,"P",-0.0051169,-16,-16,82,82,TRUE,FALSE,NA,NA,NA,206,1,205
